sample_id	ChimerKB_id	top_nullomer	neoepitopes	#reads	#nullomers	annotation	junction5	junction3
SRR10822541	475	GGCCTCACCTGCAGAT	x	2	3	NAB2-STAT6	chr12:57486364:+:x	chr12:57490916:-:x
SRR10822546	475	GGCCTCACCTGCAGAT	x	2	3	NAB2-STAT6	chr12:57486364:+:x	chr12:57490916:-:x
SRR10822547	1030	CTGGACTTCAGTGCGG	x	3	1	TCF12-NR4A3	chr15:57212186:+:x	chr9:102590322:+:x
SRR10822547	168	TCAGAAATGACCATGG	x	2	2	PAX8-PPARG	chr2:113992971:-:x	chr3:12421203:+:x
SRR10822547	3126	TTCTGGGCCAACCGGG	x	2	2	YPEL5-PPP1CB	chr2:30369749:+:x	chr2:28974903:+:x
SRR10822547	3127	TTCTGGGCCAACCGGG	x	3	2	YPEL5-PPP1CB	chr2:30369749:+:x	chr2:28974903:+:x
SRR10822547	475	GGCCTCACCTGCAGAT	x	7	3	NAB2-STAT6	chr12:57486364:+:x	chr12:57490916:-:x
SRR10822551	475	GGCCTCACCTGCAGAT	x	11	3	NAB2-STAT6	chr12:57486364:+:x	chr12:57490916:-:x
SRR10822552	475	GGCCTCACCTGCAGAT	x	6	3	NAB2-STAT6	chr12:57486364:+:x	chr12:57490916:-:x
SRR10822555	475	GGCCTCACCTGCAGAT	x	4	3	NAB2-STAT6	chr12:57486364:+:x	chr12:57490916:-:x
SRR10822556	475	GGCCTCACCTGCAGAT	x	2	3	NAB2-STAT6	chr12:57486364:+:x	chr12:57490916:-:x
SRR10822557	3127	TTCTGGGCCAACCGGG	x	2	2	YPEL5-PPP1CB	chr2:30369749:+:x	chr2:28974903:+:x
SRR10822558	1727	TGGGAGAATAGCAGAT	31;MPIGRIADH;PIGRIADHF;IGRIADHFA;GRIADHFAS;RIADHFASC;IADHFASCV;ADHFASCVE	3	1	ETV6-ABL2	chr12:12022903:+:31	chr1:179102509:-:32
SRR10822558	475	GGCCTCACCTGCAGAT	x	2	3	NAB2-STAT6	chr12:57486364:+:x	chr12:57490916:-:x
SRR10822559	475	GGCCTCACCTGCAGAT	x	2	3	NAB2-STAT6	chr12:57486364:+:x	chr12:57490916:-:x
SRR10822560	2621	GCCAAGCAGGTTGAGT	x	3	3	ETV6-GOT1	chr12:11905383:+:x	chr10:101157443:-:x
SRR10822565	1441	TGGGAGAATAGCAGAT	31;MPIGRIADH;PIGRIADHF;IGRIADHFA;GRIADHFAS;RIADHFASC;IADHFASCV;ADHFASCVE	3	1	ETV6-ABL2	chr12:12022903:+:31	chr1:179102509:-:32
SRR10822565	3126	TTCTGGGCCAACCGGG	x	2	2	YPEL5-PPP1CB	chr2:30369749:+:x	chr2:28974903:+:x
SRR10822565	475	GGCCTCACCTGCAGAT	x	4	3	NAB2-STAT6	chr12:57486364:+:x	chr12:57490916:-:x
SRR10822566	3127	TTCTGGGCCAACCGGG	x	2	2	YPEL5-PPP1CB	chr2:30369749:+:x	chr2:28974903:+:x
SRR10822567	168	TCAGAAATGACCATGG	x	6	2	PAX8-PPARG	chr2:113992971:-:x	chr3:12421203:+:x
SRR10822567	259	GCAGTCATCTCAACTC	x	2	3	MYB-NFIB	chr6:135524462:+:x	chr9:14120623:-:x
SRR10822567	475	GGCCTCACCTGCAGAT	x	4	3	NAB2-STAT6	chr12:57486364:+:x	chr12:57490916:-:x
SRR10822569	3035	TGCAGCACCCCAGCCC	x	3	2	SRF-RELA	chr6:43144285:+:x	chr11:65422471:-:x
SRR10822569	475	GGCCTCACCTGCAGAT	x	2	3	NAB2-STAT6	chr12:57486364:+:x	chr12:57490916:-:x
SRR10822576	1030	CTGGACTTCAGTGCGG	x	2	1	TCF12-NR4A3	chr15:57212186:+:x	chr9:102590322:+:x
SRR10822590	475	GGCCTCACCTGCAGAT	x	2	3	NAB2-STAT6	chr12:57486364:+:x	chr12:57490916:-:x
SRR10822595	475	GGCCTCACCTGCAGAT	x	2	3	NAB2-STAT6	chr12:57486364:+:x	chr12:57490916:-:x
SRR10822596	251	GGAGGATCCCTTTTCC	x	3	2	TMPRSS2-ETV5	chr21:42866282:-:x	chr3:185823731:-:x
SRR10822596	475	GGCCTCACCTGCAGAT	x	3	3	NAB2-STAT6	chr12:57486364:+:x	chr12:57490916:-:x
SRR10822597	479	TCCAGGGACCAACCAC	32;LSSLKGSRD;SSLKGSRDQ;SLKGSRDQP;LKGSRDQPL;KGSRDQPLP;GSRDQPLPT;SRDQPLPTP	2	3	NAB2-STAT6	chr12:57486364:+:32	chr12:57492685:-:31
SRR10822598	487	GGCAACCTCCAAGTCC	x	3	3	NAB2-STAT6	chr12:57486364:+:x	chr12:57502082:-:x
SRR10822603	297	TTGGGAGAATAGCAGG	x	2	1	ETV6-JAK2	chr12:12022903:+:x	chr9:5069021:+:x
SRR10822603	475	GGCCTCACCTGCAGAT	x	3	3	NAB2-STAT6	chr12:57486364:+:x	chr12:57490916:-:x
SRR14506679	3127	TTCTGGGCCAACCGGG	x	2	2	YPEL5-PPP1CB	chr2:30369749:+:x	chr2:28974903:+:x
SRR14506680	2528	TTTTCCCATTGTAGGT	x	2	3	CLTC-VMP1	chr17:57760985:+:x	chr17:57915655:+:x
SRR14506685	1727	TGGGAGAATAGCAGAT	31;MPIGRIADH;PIGRIADHF;IGRIADHFA;GRIADHFAS;RIADHFASC;IADHFASCV;ADHFASCVE	2	1	ETV6-ABL2	chr12:12022903:+:31	chr1:179102509:-:32
SRR14506697	296	TTGGGAGAATAGCAGG	x	3	1	ETV6-JAK2	chr12:12022903:+:x	chr9:5081724:+:x
SRR14506702	1441	TGGGAGAATAGCAGAT	31;MPIGRIADH;PIGRIADHF;IGRIADHFA;GRIADHFAS;RIADHFASC;IADHFASCV;ADHFASCVE	3	1	ETV6-ABL2	chr12:12022903:+:31	chr1:179102509:-:32
SRR14506702	1727	TGGGAGAATAGCAGAT	31;MPIGRIADH;PIGRIADHF;IGRIADHFA;GRIADHFAS;RIADHFASC;IADHFASCV;ADHFASCVE	4	1	ETV6-ABL2	chr12:12022903:+:31	chr1:179102509:-:32
SRR14506712	2969	TAGACTGCTGGAGTTA	x	2	1	RANBP2-FGFR1	chr2:109379692:+:x	chr8:38279459:-:x
SRR14506712	475	GGCCTCACCTGCAGAT	x	2	3	NAB2-STAT6	chr12:57486364:+:x	chr12:57490916:-:x
SRR14506716	475	GGCCTCACCTGCAGAT	x	3	3	NAB2-STAT6	chr12:57486364:+:x	chr12:57490916:-:x
SRR14506717	259	GCAGTCATCTCAACTC	x	5	3	MYB-NFIB	chr6:135524462:+:x	chr9:14120623:-:x
SRR14506722	1441	TGGGAGAATAGCAGAT	31;MPIGRIADH;PIGRIADHF;IGRIADHFA;GRIADHFAS;RIADHFASC;IADHFASCV;ADHFASCVE	2	1	ETV6-ABL2	chr12:12022903:+:31	chr1:179102509:-:32
SRR14506724	1441	TGGGAGAATAGCAGAT	31;MPIGRIADH;PIGRIADHF;IGRIADHFA;GRIADHFAS;RIADHFASC;IADHFASCV;ADHFASCVE	2	1	ETV6-ABL2	chr12:12022903:+:31	chr1:179102509:-:32
SRR14506734	1441	TGGGAGAATAGCAGAT	31;MPIGRIADH;PIGRIADHF;IGRIADHFA;GRIADHFAS;RIADHFASC;IADHFASCV;ADHFASCVE	3	1	ETV6-ABL2	chr12:12022903:+:31	chr1:179102509:-:32
SRR14506734	475	GGCCTCACCTGCAGAT	x	3	3	NAB2-STAT6	chr12:57486364:+:x	chr12:57490916:-:x
SRR14506735	3126	TTCTGGGCCAACCGGG	x	2	2	YPEL5-PPP1CB	chr2:30369749:+:x	chr2:28974903:+:x
SRR14506737	2619	TTCCAGTTTTAGATGG	x	2	3	ETV6-FRK	chr12:12006360:+:x	chr6:116289902:-:x
SRR14506737	475	GGCCTCACCTGCAGAT	x	3	3	NAB2-STAT6	chr12:57486364:+:x	chr12:57490916:-:x
SRR14506738	1262	GGTTTTGTCGAATAAA	x	2	3	COL1A1-USP6	chr17:45633910:-:x	chr17:4973954:+:x
SRR14506739	2621	GCCAAGCAGGTTGAGT	x	2	3	ETV6-GOT1	chr12:11905383:+:x	chr10:101157443:-:x
SRR14506739	475	GGCCTCACCTGCAGAT	x	5	3	NAB2-STAT6	chr12:57486364:+:x	chr12:57490916:-:x
SRR14506739	479	TCCAGGGACCAACCAC	32;LSSLKGSRD;SSLKGSRDQ;SLKGSRDQP;LKGSRDQPL;KGSRDQPLP;GSRDQPLPT;SRDQPLPTP	2	3	NAB2-STAT6	chr12:57486364:+:32	chr12:57492685:-:31
SRR14506740	1262	GCGGTTTTGTCGAATA	x	3	1	COL1A1-USP6	chr17:45633910:-:x	chr17:4973954:+:x
SRR14506740	51	AAGGACCTAAAGGTAC	x	2	2	EML4-ALK	chr2:42522656:+:x	chr2:29446393:-:x
SRR14506743	1262	GCGGTTTTGTCGAATA	x	4	1	COL1A1-USP6	chr17:45633910:-:x	chr17:4973954:+:x
SRR14506745	2621	GCCAAGCAGGTTGAGT	x	2	3	ETV6-GOT1	chr12:11905383:+:x	chr10:101157443:-:x
SRR14506746	2621	GCCAAGCAGGTTGAGT	x	2	3	ETV6-GOT1	chr12:11905383:+:x	chr10:101157443:-:x
SRR14506746	475	GGCCTCACCTGCAGAT	x	3	3	NAB2-STAT6	chr12:57486364:+:x	chr12:57490916:-:x
SRR14506747	475	GGCCTCACCTGCAGAT	x	3	1	NAB2-STAT6	chr12:57486364:+:x	chr12:57490916:-:x
SRR14506753	1241	GGCTTGCAGCCAATTT	31;PQNPNSKEG;QNPNSKEGL;NPNSKEGLQ;PNSKEGLQP;NSKEGLQPI;SKEGLQPIY;KEGLQPIYW;EGLQPIYWS;GLQPIYWSR	2	3	MN1-ETV6	chr22:28192751:-:31	chr12:11992074:+:32
SRR14506753	1441	TGGGAGAATAGCAGAT	31;MPIGRIADH;PIGRIADHF;IGRIADHFA;GRIADHFAS;RIADHFASC;IADHFASCV;ADHFASCVE	7	1	ETV6-ABL2	chr12:12022903:+:31	chr1:179102509:-:32
SRR14506753	3126	TTCTGGGCCAACCGGG	x	11	2	YPEL5-PPP1CB	chr2:30369749:+:x	chr2:28974903:+:x
SRR14506753	3127	TTCTGGGCCAACCGGG	x	10	2	YPEL5-PPP1CB	chr2:30369749:+:x	chr2:28974903:+:x
SRR14506754	1441	TGGGAGAATAGCAGAT	31;MPIGRIADH;PIGRIADHF;IGRIADHFA;GRIADHFAS;RIADHFASC;IADHFASCV;ADHFASCVE	17	1	ETV6-ABL2	chr12:12022903:+:31	chr1:179102509:-:32
SRR14506754	1727	TGGGAGAATAGCAGAT	31;MPIGRIADH;PIGRIADHF;IGRIADHFA;GRIADHFAS;RIADHFASC;IADHFASCV;ADHFASCVE	9	1	ETV6-ABL2	chr12:12022903:+:31	chr1:179102509:-:32
SRR14506754	3126	TTCTGGGCCAACCGGG	x	25	3	YPEL5-PPP1CB	chr2:30369749:+:x	chr2:28974903:+:x
SRR14506754	3127	TTCTGGGCCAACCGGG	x	29	2	YPEL5-PPP1CB	chr2:30369749:+:x	chr2:28974903:+:x
SRR14506759	1441	TGGGAGAATAGCAGAT	31;MPIGRIADH;PIGRIADHF;IGRIADHFA;GRIADHFAS;RIADHFASC;IADHFASCV;ADHFASCVE	2	1	ETV6-ABL2	chr12:12022903:+:31	chr1:179102509:-:32
SRR14506762	1441	TGGGAGAATAGCAGAT	31;MPIGRIADH;PIGRIADHF;IGRIADHFA;GRIADHFAS;RIADHFASC;IADHFASCV;ADHFASCVE	2	1	ETV6-ABL2	chr12:12022903:+:31	chr1:179102509:-:32
SRR14506763	1727	TGGGAGAATAGCAGAT	31;MPIGRIADH;PIGRIADHF;IGRIADHFA;GRIADHFAS;RIADHFASC;IADHFASCV;ADHFASCVE	2	1	ETV6-ABL2	chr12:12022903:+:31	chr1:179102509:-:32
SRR14506766	1727	TGGGAGAATAGCAGAT	31;MPIGRIADH;PIGRIADHF;IGRIADHFA;GRIADHFAS;RIADHFASC;IADHFASCV;ADHFASCVE	3	1	ETV6-ABL2	chr12:12022903:+:31	chr1:179102509:-:32
SRR14506789	251	GGAGGATCCCTTTTCC	x	2	2	TMPRSS2-ETV5	chr21:42866282:-:x	chr3:185823731:-:x
SRR14506792	1441	TGGGAGAATAGCAGAT	31;MPIGRIADH;PIGRIADHF;IGRIADHFA;GRIADHFAS;RIADHFASC;IADHFASCV;ADHFASCVE	2	1	ETV6-ABL2	chr12:12022903:+:31	chr1:179102509:-:32
SRR14506794	1241	GGCTTGCAGCCAATTT	31;PQNPNSKEG;QNPNSKEGL;NPNSKEGLQ;PNSKEGLQP;NSKEGLQPI;SKEGLQPIY;KEGLQPIYW;EGLQPIYWS;GLQPIYWSR	6	3	MN1-ETV6	chr22:28192751:-:31	chr12:11992074:+:32
SRR14506794	1441	TGGGAGAATAGCAGAT	31;MPIGRIADH;PIGRIADHF;IGRIADHFA;GRIADHFAS;RIADHFASC;IADHFASCV;ADHFASCVE	2	1	ETV6-ABL2	chr12:12022903:+:31	chr1:179102509:-:32
SRR14506794	1727	TGGGAGAATAGCAGAT	31;MPIGRIADH;PIGRIADHF;IGRIADHFA;GRIADHFAS;RIADHFASC;IADHFASCV;ADHFASCVE	4	1	ETV6-ABL2	chr12:12022903:+:31	chr1:179102509:-:32
SRR14506794	3126	TTCTGGGCCAACCGGG	x	2	2	YPEL5-PPP1CB	chr2:30369749:+:x	chr2:28974903:+:x
SRR14506798	1241	GGCTTGCAGCCAATTT	31;PQNPNSKEG;QNPNSKEGL;NPNSKEGLQ;PNSKEGLQP;NSKEGLQPI;SKEGLQPIY;KEGLQPIYW;EGLQPIYWS;GLQPIYWSR	2	3	MN1-ETV6	chr22:28192751:-:31	chr12:11992074:+:32
SRR14506799	2621	GCCAAGCAGGTTGAGT	x	2	3	ETV6-GOT1	chr12:11905383:+:x	chr10:101157443:-:x
SRR14506802	1441	TGGGAGAATAGCAGAT	31;MPIGRIADH;PIGRIADHF;IGRIADHFA;GRIADHFAS;RIADHFASC;IADHFASCV;ADHFASCVE	2	1	ETV6-ABL2	chr12:12022903:+:31	chr1:179102509:-:32
SRR14506824	1241	GGCTTGCAGCCAATTT	31;PQNPNSKEG;QNPNSKEGL;NPNSKEGLQ;PNSKEGLQP;NSKEGLQPI;SKEGLQPIY;KEGLQPIYW;EGLQPIYWS;GLQPIYWSR	5	3	MN1-ETV6	chr22:28192751:-:31	chr12:11992074:+:32
SRR14506824	1441	TGGGAGAATAGCAGAT	31;MPIGRIADH;PIGRIADHF;IGRIADHFA;GRIADHFAS;RIADHFASC;IADHFASCV;ADHFASCVE	4	1	ETV6-ABL2	chr12:12022903:+:31	chr1:179102509:-:32
SRR14506824	1727	TGGGAGAATAGCAGAT	31;MPIGRIADH;PIGRIADHF;IGRIADHFA;GRIADHFAS;RIADHFASC;IADHFASCV;ADHFASCVE	5	1	ETV6-ABL2	chr12:12022903:+:31	chr1:179102509:-:32
SRR14506824	251	GGAGGATCCCTTTTCC	x	2	2	TMPRSS2-ETV5	chr21:42866282:-:x	chr3:185823731:-:x
SRR14506831	1727	TGGGAGAATAGCAGAT	31;MPIGRIADH;PIGRIADHF;IGRIADHFA;GRIADHFAS;RIADHFASC;IADHFASCV;ADHFASCVE	2	1	ETV6-ABL2	chr12:12022903:+:31	chr1:179102509:-:32
SRR14506844	475	GGCCTCACCTGCAGAT	x	9	3	NAB2-STAT6	chr12:57486364:+:x	chr12:57490916:-:x
SRR15618985	1441	TGGGAGAATAGCAGAT	31;MPIGRIADH;PIGRIADHF;IGRIADHFA;GRIADHFAS;RIADHFASC;IADHFASCV;ADHFASCVE	2	1	ETV6-ABL2	chr12:12022903:+:31	chr1:179102509:-:32
SRR15618990	3072	GGAAGTGTTTGGATTG	x	8	1	TIAM1-NRIP1	chr21:32931290:-:x	chr21:16415895:-:x
SRR15618998	3072	GGAAGTGTTTGGATTG	x	2	1	TIAM1-NRIP1	chr21:32931290:-:x	chr21:16415895:-:x
SRR15619008	3072	GGAAGTGTTTGGATTG	x	9	1	TIAM1-NRIP1	chr21:32931290:-:x	chr21:16415895:-:x
SRR15619009	1727	TGGGAGAATAGCAGAT	31;MPIGRIADH;PIGRIADHF;IGRIADHFA;GRIADHFAS;RIADHFASC;IADHFASCV;ADHFASCVE	2	1	ETV6-ABL2	chr12:12022903:+:31	chr1:179102509:-:32
SRR15619031	1241	GGCTTGCAGCCAATTT	31;PQNPNSKEG;QNPNSKEGL;NPNSKEGLQ;PNSKEGLQP;NSKEGLQPI;SKEGLQPIY;KEGLQPIYW;EGLQPIYWS;GLQPIYWSR	7	3	MN1-ETV6	chr22:28192751:-:31	chr12:11992074:+:32
SRR15619032	1241	GGCTTGCAGCCAATTT	31;PQNPNSKEG;QNPNSKEGL;NPNSKEGLQ;PNSKEGLQP;NSKEGLQPI;SKEGLQPIY;KEGLQPIYW;EGLQPIYWS;GLQPIYWSR	23	3	MN1-ETV6	chr22:28192751:-:31	chr12:11992074:+:32
